dataset,outcome,model,seed,n_train,n_validation,n_test,n_features,fit_seconds,predict_seconds,qini_auc_normalized,qini_coefficient,uplift_auc_normalized,auuc,uplift_at_10pct,uplift_at_20pct,ate_test,cate_mean,cate_std,test_events_control,test_events_treated
hillstrom,conversion,t_learner,0,38400,12800,12800,18,1.3349691909970716,0.0934890999924391,-0.197030978115181,-0.0003658099037103,-0.0032898022188809,0.0019537817425511,0.0059370725034199,0.0022482807265032,0.0050245049571551,0.0056366489607524,0.0431409977256242,24,91
hillstrom,conversion,x_learner,0,38400,12800,12800,18,0.843045637011528,0.0326268739299848,0.1732509099287776,0.0003216595648311,0.0027612912052225,0.002981004163075,0.0132801009753547,0.009179769506232,0.0050245049571551,0.0047112174150693,0.0160616875550982,24,91
hillstrom,conversion,dr_learner,0,38400,12800,12800,18,5.720595975057222,0.03368233400397,0.1664986432634566,0.0003091232314976,0.0026918750899261,0.0029692202118152,0.0113353638808001,0.0081204153804058,0.0050245049571551,0.0044795393124725,0.0279687702764619,24,91
hillstrom,conversion,dragonnet,0,38400,12800,12800,18,9.65596090303734,0.0031233069021254,-0.2613343228563183,-0.0004851962082043,-0.0042914993891917,0.0017837354848252,0.0010800564274378,-0.0007760801599664,0.0050245049571551,0.0049985074084997,0.0028498890944094,24,91
hillstrom,conversion,t_learner,1,38400,12800,12800,18,1.8366822690004485,0.0986160750035196,0.2722489587625518,0.000526579317135,0.0046598944110114,0.0031877562254931,0.0098259705488621,0.0106568832983927,0.0047924430698149,0.0065951538556287,0.040458444604222,25,91
hillstrom,conversion,x_learner,1,38400,12800,12800,18,0.8387747600208968,0.036309667979367,0.4228136767350071,0.0008177990401964,0.0071904050240145,0.0036175914875011,0.0150349679425877,0.0097306037994634,0.0047924430698149,0.0056052716787391,0.0146979122793161,25,91
hillstrom,conversion,dr_learner,1,38400,12800,12800,18,6.092464540037327,0.0209246589802205,0.3172913124742669,0.0006136994735076,0.0054640419954162,0.0033243496014938,0.0102616982528502,0.0058066735466116,0.0047924430698149,0.0054810403156201,0.0276979633740524,25,91
hillstrom,conversion,dragonnet,1,38400,12800,12800,18,11.099452099064363,0.0028356999391689,0.2786660987328451,0.0005389912403941,0.0048586469668694,0.0032215165489958,0.0240635372214319,0.0089466484268125,0.0047924430698149,0.0048802212950249,0.0018929490765617,25,91
hillstrom,conversion,t_learner,2,38400,12800,12800,18,1.5624240449396891,0.0612738550407812,0.218575268653411,0.0004227645763395,0.0037714348677205,0.0030368415292212,0.011968676449853,0.0102092352828017,0.0047924430698149,0.006653586214413,0.0439445419290459,25,91
hillstrom,conversion,x_learner,2,38400,12800,12800,18,0.5916482690954581,0.0186993030365556,0.0535643017296482,0.0001036031636477,0.0008919215588844,0.0025477242928819,0.0036687631027253,0.006115011146323,0.0047924430698149,0.0055722984673811,0.0157615493068694,25,91
hillstrom,conversion,dr_learner,2,38400,12800,12800,18,5.342505343956873,0.0204187019262462,0.3161324184009616,0.0006114579602525,0.0053123528742703,0.0032985835237716,0.0117700552483161,0.009768778256653,0.0047924430698149,0.0056954504719091,0.0289375573755749,25,91
hillstrom,conversion,dragonnet,2,38400,12800,12800,18,10.75383039796725,0.0029425000539049,-0.0571636449085805,-0.0001105649521589,-0.0009544965218301,0.0022340897262367,0.0061104127868772,0.004829001367989,0.0047924430698149,0.004997566125894,0.0018619334214239,25,91
hillstrom,conversion,t_learner,3,38400,12800,12800,18,1.3273891189601272,0.0934778080554679,0.0313979997119777,6.0729478352791054e-05,0.000486205034964,0.0024788088465431,0.0102386039886039,0.0073450854700854,0.0047924430698149,0.0055832277891944,0.0466602729893644,25,91
hillstrom,conversion,x_learner,3,38400,12800,12800,18,0.6733518929686397,0.0305766819510608,0.3324419233497074,0.0006430035280217,0.0055793232077647,0.0033439313925599,0.0173681488998697,0.0090685273334055,0.0047924430698149,0.0051006690532846,0.0159613532246819,25,91
hillstrom,conversion,dr_learner,3,38400,12800,12800,18,5.390702871023677,0.0191077359486371,0.1734378582006752,0.0003354605628311,0.0028346328257951,0.0028777153239915,0.0074852817493692,0.0073304045060591,0.0047924430698149,0.0046490936001544,0.0307651698609617,25,91
hillstrom,conversion,dragonnet,3,38400,12800,12800,18,8.8204118499998,0.0028060079785063,0.1747028037891918,0.0003379071991277,0.0030154712283743,0.0029084327300969,0.0102422581635277,0.0064028207615863,0.0047924430698149,0.0047680204526477,0.0013992889904804,25,91
hillstrom,conversion,t_learner,4,38400,12800,12800,18,1.2455440720077604,0.0636261830804869,-0.3409770052713304,-0.0006330616975003,-0.0056188129596794,0.0015584131896447,0.0042391839291306,0.001860465116279,0.0050245049571551,0.0063644825817116,0.0415094736999394,24,91
hillstrom,conversion,x_learner,4,38400,12800,12800,18,0.6060317759402096,0.0187050410313531,-0.0381660490566297,-7.085951084427719e-05,-0.0006716913508294,0.0023982273980036,-0.0021022437566632,0.0063845889232886,0.0050245049571551,0.0053186916851706,0.014881694758262,24,91
hillstrom,conversion,dr_learner,4,38400,12800,12800,18,5.427359831053764,0.0317485280102118,0.0626359184453086,0.0001162905423019,0.0010065192434645,0.0026831173225175,0.0052682206612679,0.0055298099453267,0.0050245049571551,0.0049296231468582,0.0305135119832121,24,91
hillstrom,conversion,dragonnet,4,38400,12800,12800,18,9.483498838962989,0.0045049129985272,-0.1012011632090697,-0.0001878912043325,-0.0016304119463567,0.0022354767640734,0.0064202943939868,0.0067829036045045,0.0050245049571551,0.0051777616768958,0.001816549404526,24,91
lzd,Y,t_learner,0,109114,36363,36192,64,1.829519222024828,0.1301903829444199,-0.0471390074699038,-0.0004010919952573,-0.0029486252998643,0.001429497011795,0.014798685457368,0.0073748902546093,0.0042956392587139,0.0051644853492571,0.0469722051916888,571,710
lzd,Y,x_learner,0,109114,36363,36192,64,1.375821874011308,0.0388919350225478,0.0791567409973018,0.0006735215035011,0.0054744780257263,0.0034814720895071,0.0305499305141949,0.0148853571208061,0.0042956392587139,0.0046500566486312,0.0196042500126142,571,710
lzd,Y,dr_learner,0,109114,36363,36192,64,1.8681806860258805,0.0133347279625013,0.0353444651849581,0.0003007356926509,0.0024373477698684,0.0027415885392423,0.0170988026531139,0.0123201317912856,0.0042956392587139,0.0043084382475631,0.0195213534377497,571,710
lzd,Y,dragonnet,0,109114,36363,36192,64,36.30788618000224,0.0136650769272819,-0.0400056488177179,-0.0003403963377062,-0.0025854148106428,0.0015179797055288,0.0179786639464674,0.0074088605645474,0.0042956392587139,-0.0022197336626479,0.0137623215289292,571,710
lzd,Y,t_learner,1,109053,36232,36384,64,1.973639052012004,0.1283638650784269,0.0011995488000879,1.053023287717667e-05,0.0001861442955753,0.0014044036655845,0.0029497561825148,0.0036345793622111,0.002717499946419,0.004749157740661,0.0495500187256,600,703
lzd,Y,x_learner,1,109053,36232,36384,64,1.6894098370103166,0.0604463130002841,0.0070178596018651,6.160624386565374e-05,0.0004948486423528,0.0014801163982204,-0.0087117415773648,0.0074542750988917,0.002717499946419,0.0035794446329386,0.0186291275058385,600,703
lzd,Y,dr_learner,1,109053,36232,36384,64,2.2260512550128624,0.0172630209708586,0.0134949383276805,0.000118465245635,0.0009381700977615,0.0015888452812942,-0.0010224420437356,0.0046315978959796,0.002717499946419,0.0036144695636164,0.0193717884144306,600,703
lzd,Y,dragonnet,1,109053,36232,36384,64,44.6539640519768,0.0133121770340949,0.0314036689300332,0.0002756769437031,0.0021562129627702,0.0018875820977342,0.010152275051519,0.0111484056581155,0.002717499946419,0.0051374959545331,0.013881660693948,600,703
lzd,Y,t_learner,2,109070,36244,36355,64,1.8867965310346333,0.1251567149301991,-0.0250246238189651,-0.0002134743576582,-0.0015858176183228,0.001390874392372,0.0124744379993181,0.006210304579359,0.0035594000306787,0.005338571050988,0.0458936752908086,583,700
lzd,Y,x_learner,2,109070,36244,36355,64,1.660640740999952,0.0519028230337426,0.0134644538532515,0.0001148594943259,0.0009658147882663,0.0020165075349303,0.0180507568353757,0.0086304226866168,0.0035594000306787,0.0044918320079411,0.0194453780423906,583,700
lzd,Y,dr_learner,2,109070,36244,36355,64,2.2107359409565106,0.0199925120687112,0.0722077733790995,0.0006159736166884,0.0048257551359622,0.0029629238774962,0.0217513724036955,0.0136145217118733,0.0035594000306787,0.0045010068718378,0.0210135888262331,583,700
lzd,Y,dragonnet,2,109070,36244,36355,64,68.8245808610227,0.0126994510646909,0.0523210453975939,0.0004463284498924,0.0035398813813364,0.0026476413015411,0.0172788146338774,0.0112696154842462,0.0035594000306787,0.0047845853726476,0.0250754319574837,583,700
lzd,Y,t_learner,3,109058,36152,36459,64,1.7749399889726192,0.0859088649740442,0.0205247942347191,0.0001793612872108,0.0015726325460397,0.0019846210027903,0.0103758802636665,0.00780461083044,0.0032000225239847,0.0061327824717478,0.0475414461347597,595,711
lzd,Y,x_learner,3,109058,36152,36459,64,1.454960237024352,0.0377081069163978,0.0540760974150532,0.0004725581328019,0.0038940580029725,0.0025523587400775,0.0055539060726199,0.0107143706355061,0.0032000225239847,0.004462328459218,0.0189687196497377,595,711
lzd,Y,dr_learner,3,109058,36152,36459,64,1.7340331169543788,0.0137145419139415,0.0149809046500894,0.0001309145568474,0.0011060801136276,0.0018705189447154,0.0149579828896788,0.0039456409154995,0.0032000225239847,0.0043515837909963,0.0188229240278978,595,711
lzd,Y,dragonnet,3,109058,36152,36459,64,46.96669556305278,0.0135430740192532,6.144323191013888e-05,5.3693776608753e-07,4.340131363071327e-05,0.0016106256728589,0.020641857758161,0.0082617705972456,0.0032000225239847,0.0057854784369721,0.0124115634226508,595,711
lzd,Y,t_learner,4,109168,36265,36236,64,2.392235862091184,0.1295774920145049,-0.0510147130457715,-0.0004625502790627,-0.0036458225375265,-5.080589836945571e-05,-0.0019325134088718,-0.0003814009855145,0.0016903234604401,0.0041578220590073,0.0471098777974537,619,702
lzd,Y,x_learner,4,109168,36265,36236,64,1.8679527739295736,0.0544936859514564,0.0211764927998588,0.000192007208692,0.0015756563635827,0.0012323821944692,0.0040915033874905,0.0045680787304465,0.0016903234604401,0.0039280067844072,0.0191930275621152,619,702
lzd,Y,dr_learner,4,109168,36265,36236,64,2.3125868280185387,0.0148209939943626,0.0319303290410661,0.000289512215726,0.0023369107523474,0.0014194618678309,0.0066791973992635,0.0033203168156899,0.0016903234604401,0.0042195206066276,0.0190686675833439,619,702
lzd,Y,dragonnet,4,109168,36265,36236,64,37.80457541299984,0.0127049789298325,0.0166044750818316,0.0001505527351668,0.0011833316053376,0.001135967659844,0.000409795797808,0.0024985170987284,0.0016903234604401,0.006444497703167,0.0169369487157882,619,702
retailhero,Y,t_learner,0,120023,40008,40008,5,0.6936367370653898,0.1820917419390753,0.0119282281282372,0.0012246057990881,0.0089936571013122,0.0190980045324407,0.0476029393123653,0.0541365977223298,0.0332272718325169,0.0326217321324115,0.0525615540826711,12072,12728
retailhero,Y,x_learner,0,120023,40008,40008,5,0.516800801968202,0.0498205199837684,0.0201960444322759,0.0020734171801979,0.0149199069897882,0.0207350459571615,0.070992099209921,0.0561313783228691,0.0332272718325169,0.0330176700510178,0.0215507081199073,12072,12728
retailhero,Y,dr_learner,0,120023,40008,40008,5,0.8975866859545931,0.022207019967027,0.0173056278258361,0.0017766739506106,0.0127527160587477,0.0201363905855257,0.0843835210958803,0.06330644566676,0.0332272718325169,0.0328640959619114,0.0332937024888335,12072,12728
retailhero,Y,dragonnet,0,120023,40008,40008,5,138.57213106902782,0.0237436019815504,0.0252522996989471,0.0025925151933033,0.018611562700405,0.021754812831292,0.0747526515196977,0.0666674581458516,0.0332272718325169,0.0312023768050626,0.0219409330947007,12072,12728
retailhero,Y,t_learner,1,120023,40008,40008,5,0.7186683239415288,0.1914790810551494,0.0080746321218182,0.0008289653208966,0.006015236701945,0.0182812595074278,0.0631253945337158,0.046252856354651,0.0332392782774024,0.0327854561587751,0.0495779528668031,12073,12728
retailhero,Y,x_learner,1,120023,40008,40008,5,0.5274718350265175,0.0519738900475204,0.0148367134747892,0.001523180345696,0.0109717205853913,0.019650415034647,0.052,0.0541745753790058,0.0332392782774024,0.033112423198259,0.0187638108684057,12073,12728
retailhero,Y,dr_learner,1,120023,40008,40008,5,0.9354154400061816,0.0224805329926311,0.0099245017437808,0.0010188783400474,0.0072178849566208,0.0186134733396344,0.0607398515795463,0.0465118211737006,0.0332392782774024,0.0327423197845315,0.0297768631139585,12073,12728
retailhero,Y,dragonnet,1,120023,40008,40008,5,152.30584249505773,0.023660646053031,0.0206061008596865,0.0021154825079178,0.0153116076358444,0.0208492447862134,0.0623264540337711,0.0660051224789848,0.0332392782774024,0.031650202248638,0.0207510288225329,12073,12728
retailhero,Y,t_learner,2,120023,40008,40008,5,0.7241403920343146,0.1587995579466223,0.0102852612598411,0.0010559149658015,0.0077032294836549,0.0187475426027291,0.0600518433179724,0.0435215625495579,0.0332392782774024,0.0330902101198601,0.052215639269583,12073,12728
retailhero,Y,x_learner,2,120023,40008,40008,5,0.5281380820088089,0.0524189360439777,0.0123058476864281,0.0012633542708057,0.0092224002259968,0.0191671911010554,0.0624147543512628,0.045899903698281,0.0332392782774024,0.0329580050248664,0.0202784059821341,12073,12728
retailhero,Y,dr_learner,2,120023,40008,40008,5,0.9112629949813708,0.0236778579419478,0.0092384497196644,0.0009484462351858,0.0068298750425083,0.0185062913269384,0.0337527212375163,0.0464401517958741,0.0332392782774024,0.0328996301935881,0.0326520347543169,12073,12728
retailhero,Y,dragonnet,2,120023,40008,40008,5,147.20074886397924,0.0243955780752003,0.0171801321506089,0.0017637625524503,0.0129276694598217,0.0201907170461855,0.0431262101742651,0.0516666908274018,0.0332392782774024,0.0313312456382736,0.0240120439004415,12073,12728
retailhero,Y,t_learner,3,120023,40008,40008,5,0.7108600849751383,0.1832981089828536,0.0036527845486538,0.0003750055321231,0.0025341986177715,0.0173196741082854,0.0476340477127982,0.0396755898981822,0.0332392782774024,0.0321787943440966,0.051039021447389,12073,12728
retailhero,Y,x_learner,3,120023,40008,40008,5,0.489568791934289,0.0297745290445163,0.0161743921417843,0.0016605103452196,0.0119776519352707,0.0199282887249641,0.0599421302200071,0.0595194950129909,0.0332392782774024,0.0326728858155142,0.0171586873758492,12073,12728
retailhero,Y,dr_learner,3,120023,40008,40008,5,0.7933084239484742,0.0148611810291185,0.0073312354188831,0.0007526460437945,0.0055710663085846,0.0181585639911309,0.0556459332894819,0.0473366625052018,0.0332392782774024,0.0326027236615248,0.0297979906684112,12073,12728
retailhero,Y,dragonnet,3,120023,40008,40008,5,167.10894583701156,0.0256391130387783,0.0218883660459696,0.00224712359764,0.0161731251322914,0.0210872262807151,0.0561853511584446,0.0581508372906772,0.0332392782774024,0.0411913251942681,0.0187590910647097,12073,12728
retailhero,Y,t_learner,4,120023,40008,40008,5,0.7209146459354088,0.1810610629618168,0.0062875017827141,0.0006455033440098,0.0048629258655425,0.0179569493500575,0.0576956876428028,0.040646428194724,0.0332272718325169,0.0326717011337874,0.0510757977160073,12072,12728
retailhero,Y,x_learner,4,120023,40008,40008,5,0.5289641199633479,0.0491039620246738,0.0232175397064099,0.0023836175381088,0.0172506366823778,0.0213788765630926,0.0665182660730642,0.0649023079753324,0.0332272718325169,0.0330272046206206,0.0199391718016829,12072,12728
retailhero,Y,dr_learner,4,120023,40008,40008,5,1.186804658966139,0.0229655470466241,0.0140723043284596,0.0014447263501248,0.0105380123665645,0.0195246104959556,0.062716049382716,0.0588814969360573,0.0332272718325169,0.0328573839635623,0.0308343412804498,12072,12728
retailhero,Y,dragonnet,4,120023,40008,40008,5,117.51858342904598,0.0255924720549955,0.0184756346109944,0.0018967921340217,0.0136030336867148,0.0203712786188264,0.0682750924014783,0.0733536470143613,0.0332272718325169,0.0282194624913618,0.0210462652452554,12072,12728
criteo,conversion,t_learner,0,8393384,2794564,2791644,10,48.57921391807031,9.724966465961188,0.3531466289271576,0.0002770089308893,0.0041882634292382,0.0009368774793191,0.0073868983816255,0.0045498350036032,0.0012301558278883,0.0009395888547002,0.0095528474348077,776,7317
criteo,conversion,x_learner,0,8393384,2794564,2791644,10,86.3988690560218,7.174029186018743,0.4532284255832121,0.0003555132948624,0.0053803666641116,0.001028471121731,0.007982308741279,0.0047991770575259,0.0012301558278883,0.0009385379692746,0.0065120271235138,776,7317
criteo,conversion,dr_learner,0,8393384,2794564,2791644,10,286.2398779770592,3.48515566799324,0.4514976954367233,0.0003541557066306,0.0053502803076338,0.0010261594771552,0.0080410068699731,0.0044300657908166,0.0012301558278883,0.0009481061897468,0.011363562211662,776,7317
criteo,conversion,dragonnet,0,8393384,2794564,2791644,10,1311.0304197410587,0.3848989889957011,0.3324296332074591,0.00026075847749272286,0.00393428533312052,0.0009173634152383427,0.007214353067792497,0.004314393261847833,0.0012301558278883275,0.0006169968701736437,0.009661637636406673,776,7317
criteo,conversion,t_learner,1,8393270,2793936,2792386,10,48.892514806007966,9.481233283062464,0.3764479385631472,0.000305989575325,0.0046338226386653,0.0009431484740642,0.0073194537012159,0.0045549835344604,0.0011741201738937,0.0010067108273561,0.0093919848458937,804,7345
criteo,conversion,x_learner,1,8393270,2793936,2792386,10,86.87180153594818,7.030331941903569,0.427823181223771,0.0003477491045283,0.0052662702761971,0.0009917492248365,0.0079928310677307,0.0045274991360915,0.0011741201738937,0.0009941080947949,0.0067565913254142,804,7345
criteo,conversion,dr_learner,1,8393270,2793936,2792386,10,270.4475552740041,5.190650973003358,0.4492500902369449,0.0003651656185209,0.0055290648809155,0.0010119438059058,0.0083214443405197,0.0046382638119318,0.0011741201738937,0.0010084009568471,0.0110941298271758,804,7345
criteo,conversion,dragonnet,1,8393270,2793936,2792386,10,2144.2068854370154,0.3756553611019626,0.491781740665975,0.00039973677782212326,0.006069203288537113,0.0010534510083579287,0.008106552027436976,0.004910426830166957,0.0011741201738937907,0.0019004333667660509,0.010411863889748853,804,7345
criteo,conversion,t_learner,2,8381223,2805920,2792449,10,48.37986441294197,10.41466303600464,0.3898288517446684,0.000325106055567,0.004915964978114,0.0009615106129093,0.007832544111202,0.0045024476393759,0.0011670819791257,0.0009646889783837,0.0089349767030199,825,7447
criteo,conversion,x_learner,2,8381223,2805920,2792449,10,85.84366702998523,6.693597013014369,0.4010469968418129,0.0003344616660791,0.0050536902388614,0.00097209977804,0.0080871625358101,0.0046028934333117,0.0011670819791257,0.0009519635615831,0.0066027613878566,825,7447
criteo,conversion,dr_learner,2,8381223,2805920,2792449,10,271.20474079507403,3.642174779903144,0.4424698108829975,0.0003690071021677,0.0055787358643836,0.0010124685150432,0.0083224919845737,0.004633097982102,0.0011670819791257,0.0009735741294547,0.0116023066941838,825,7447
criteo,conversion,dragonnet,2,8381223,2805920,2792449,10,1327.4577020499855,0.3759135709842667,0.48007770274607614,0.00040037100283097624,0.006072403039358128,0.0010504246837739282,0.008213585781708527,0.004845141862552041,0.0011670819791257544,0.001793387421855777,0.009623063833601505,825,7447
criteo,conversion,t_learner,3,8380398,2791831,2807363,10,48.05351466499269,11.477499421918765,0.2836536056866353,0.0002410250829121,0.0036330652012063,0.0008232292911699,0.0058864969111075,0.0038977369030105,0.0010861098981805,0.0010233336604501,0.0090353913136353,848,7380
criteo,conversion,x_learner,3,8380398,2791831,2807363,10,82.33328063599765,6.522484796005301,0.3468327687964223,0.0002947094455346,0.0044468598891636,0.0008859874247731,0.0066353119308158,0.0040971202986129,0.0010861098981805,0.0010067727983922,0.0069187563124031,848,7380
criteo,conversion,dr_learner,3,8380398,2791831,2807363,10,276.5601858189329,3.4682478279573843,0.3191085697627012,0.0002711517426293,0.0040804007266967,0.0008577268654225,0.006374731114733,0.0039241894475435,0.0010861098981805,0.0010070241729118,0.0112527098979169,848,7380
criteo,conversion,dragonnet,3,8380398,2791831,2807363,10,1516.9983539410168,0.3807355290045962,0.4197982742069021,0.00035670942240331814,0.0053919423172216355,0.000958870192581485,0.00662507134718399,0.004482018254571965,0.0010861098981805907,0.0017039927325799733,0.009000618651703074,848,7380
criteo,conversion,t_learner,4,8394897,2791835,2792860,10,49.14820093195885,9.448082927032374,0.3730996550116682,0.0003108254742938,0.0047055542989799,0.0009110174306372,0.0072490881692143,0.0044085156435456,0.0010980448168873,0.000990865041251,0.0097676490324611,825,7278
criteo,conversion,x_learner,4,8394897,2791835,2792860,10,84.02158284198958,7.556682889000513,0.4529887344546797,0.0003773802423704,0.0057080361944581,0.0009881376662024,0.0079864459929691,0.0046217604472835,0.0010980448168873,0.0009696554391247,0.0067253683861315,825,7278
criteo,conversion,dr_learner,4,8394897,2791835,2792860,10,278.3171321480768,3.749368089949712,0.4369979534195752,0.0003640584876253,0.0055034034704509,0.0009723954129498,0.0077694448647926,0.0046217423791227,0.0010980448168873,0.0010007668816768,0.011706960110572,825,7278
criteo,conversion,dragonnet,4,8394897,2791835,2792860,10,1858.322136968025,0.3813812399748713,0.4488007759238339,0.00037389129731466096,0.005663538663896516,0.0009847145020990163,0.007712819190684176,0.004706481069959051,0.001098044816887397,0.0015075477632123925,0.010354178614406446,825,7278
hillstrom,conversion,t_learner,42,38400,12800,12800,18,1.9127398799173534,0.05688158597331494,0.24927893504093332,0.0004821510869560301,0.0041139974522395786,0.003095029579298704,0.011005946992700896,0.007121090345387727,0.004792443069814918,0.006067537331847899,0.050023585519103304,25,91
hillstrom,conversion,x_learner,42,38400,12800,12800,18,0.7729697179747745,0.02042864204850048,0.17514232958365505,0.00033875732246250204,0.002915325959052343,0.0028914219466382343,0.01159443533468459,0.008581098672220776,0.004792443069814918,0.005252966457012208,0.015745572554679715,25,91
hillstrom,conversion,dr_learner,42,38400,12800,12800,18,8.076316765975207,0.01975302107166499,0.2380014910777927,0.00046033844617263976,0.004006088032378156,0.003076699968855289,0.005750173996619494,0.01090617281897333,0.004792443069814918,0.004703714424611486,0.03291893099618977,25,91
hillstrom,conversion,dragonnet,42,38400,12800,12800,18,8.029214287991636,0.0029846529942005873,-0.04197670579280642,-0.00008119063217881486,-0.0007477116038423859,0.0022692144354340997,0.007656695156695157,0.008280520927641201,0.004792443069814918,0.004562841407350788,0.0023049325429296413,25,91
lzd,Y,t_learner,42,108970,36552,36147,64,2.0334992649732158,0.0830996340373531,0.0037997683442114096,0.00003113978324400504,0.0004760166720839107,0.0027545793578063462,0.021677680191734883,0.013210931357876501,0.005276130654496114,0.0033439351263906234,0.045955762905068934,556,704
lzd,Y,x_learner,42,108970,36552,36147,64,1.4331961289281026,0.0397066839504987,0.025877799709685567,0.00021207321099429394,0.0018489720713918308,0.0030906360060951954,0.018734685876702933,0.012204912595822667,0.005276130654496114,0.0027226223099751194,0.018274693578099237,556,704
lzd,Y,dr_learner,42,108970,36552,36147,64,1.7487448219908401,0.013056827010586858,0.0524724980093872,0.00043002153454249967,0.0034497379479019414,0.003482453551972009,0.01526352686253267,0.009180233330834682,0.005276130654496114,0.0028211766198609914,0.01789978991483813,556,704
lzd,Y,dragonnet,42,108970,36552,36147,64,28.304505169042386,0.013763381051830947,0.02318631760001672,0.0001900160322644681,0.001452318788523774,0.0029935476572379776,0.01506710419585576,0.010035914889196473,0.005276130654496114,0.0037800725111633887,0.01044898160163982,556,704
retailhero,Y,t_learner,42,120023,40008,40008,5,1.1934824419440702,0.11602885101456195,-0.0020324193089237045,-0.00020865410327065585,-0.0015730806945790541,0.01618509881164844,0.045971183884735534,0.033544081313651275,0.03323927827740247,0.033335035779173135,0.05321978994237081,12073,12728
retailhero,Y,x_learner,42,120023,40008,40008,5,0.5465577230788767,0.029552415944635868,0.007690019541812184,0.0007894798699193401,0.005715908279880395,0.018198574448188117,0.05204404072777025,0.046144372335758965,0.03323927827740247,0.03344005298894703,0.023030830538905766,12073,12728
retailhero,Y,dr_learner,42,120023,40008,40008,5,1.1365691890241578,0.014310530968941748,0.004178358276992342,0.00042896246635791427,0.0032338671111852377,0.017512947204194818,0.05031613270946278,0.056757244167073284,0.03323927827740247,0.0333483837782632,0.03368252959991714,12073,12728
retailhero,Y,dragonnet,42,120023,40008,40008,5,142.30758929194417,0.024036144954152405,0.015910090718736995,0.001633376389063558,0.011880452677133798,0.019901438864327173,0.055413341213666256,0.058771618999409525,0.03323927827740247,0.03229916381853219,0.023692749613745453,12073,12728
criteo,conversion,t_learner,42,8393486,2793199,2792907,10,49.235487384023145,9.91714881407097,0.475596080654744,0.00037699453604901785,0.005711926321636962,0.0010600072973841214,0.008368263955925262,0.005101095807882168,0.0012416681762606157,0.0009958966928015657,0.00916535304625857,785,7394
criteo,conversion,x_learner,42,8393486,2793199,2792907,10,87.37839877896477,9.975890995934606,0.5299922511912004,0.0004201131821194458,0.006368426913053108,0.0011104836963035367,0.009033513132708719,0.004883978497752715,0.0012416681762606157,0.000989297914289497,0.006950325615866772,785,7394
criteo,conversion,dr_learner,42,8393486,2793199,2792907,10,287.00107188895345,4.147935061017051,0.49592802645881195,0.000393111221587776,0.005956647612413107,0.0010788231974134647,0.008661708626823236,0.005062644086628168,0.0012416681762606157,0.0010050103488463275,0.011594190389742312,785,7394
criteo,conversion,dragonnet,42,8393486,2793199,2792907,10,1395.2311042649671,0.3476272550178692,0.5452428306460567,0.00043220198049252566,0.006552458038452683,0.0011246333080795444,0.008606296776005391,0.005329526662125701,0.0012416681762606157,0.0012268319324861073,0.005822402786965457,785,7394
